<?xml version="1.0" encoding="utf-8"?>
<prefix name="hammu" label="Hammu" language_tag="en" language_label="English">
    <key name="HAMMU_SECRET_FANTASY">
        <value>If you have a secret fantasy, we could try it out when we meet. Make a wish. english updated</value>
    </key>
</prefix>

<!--  German -->
<prefix name="hammu" label="Hammu" language_tag="de" language_label="German">
    <key name="HAMMU_SECRET_FANTASY">
        <value>Wenn du etwas Spezielles möchtest, komm zu mir und wir probieren es zusammen aus. german updated</value>
    </key>
</prefix>

<!--  Spanish -->

<prefix name="hammu" label="Hammu" language_tag="es" language_label="Spanish">
    <key name="HAMMU_SECRET_FANTASY">
        <value>Spanish word.</value>
    </key>
</prefix>