<?xml version="1.0" encoding="utf-8"?>
<prefix name="hammu" label="Hammu" language_tag="en" language_label="English">


    <key name="invitation_accept_noti">
        <value>invitation has been sent</value>
    </key>
    <key name="invitation_accept_noti">
        <value>invitation has been sent</value>
    </key>
    <key name="client_agree_noti">
        <value>invitation has been sent</value>
    </key>
    <key name="escort_asks_noti">
        <value>invitation has been sent</value>
    </key>
    <key name="buy_rose_noti">
        <value>invitation has been sent</value>
    </key>
    <key name="client_re_arrange_noti">
        <value>invitation has been sent</value>
    </key>
</prefix>
