<?xml version="1.0" encoding="utf-8"?>
<prefix name="hammu" label="Hammu" language_tag="en" language_label="English">

    <key name="reset_password_mail_subject">
        <value>Reset code for new password</value>
    </key>
    <key name="reset_password_mail_content_txt">
        <value>Dear {$username},

            You requested to reset your password.please enter the code manually Code: {$code}

            If you didn't request password reset, please ignore this email.

            Thank you,
            {$site_name}</value>
    </key>
    <key name="reset_password_mail_content_html">
        <value>
            Dear {$username},
<br />
            You requested to reset your password.please enter the code manually Code: {$code}
<br />
            If you didn't request password reset, please ignore this email.
<br />
            <br />
            Thank you,
            {$site_name}<br />
        </value>
    </key>
</prefix>
